{"mean_fit_time": [36.40328969955444], "std_fit_time": [2.1570920244442773], "mean_score_time": [2.065614700317383], "std_score_time": [0.06945566065303456], "params": [{}], "split0_test_Accuracy": [0.9999285023898739], "split1_test_Accuracy": [0.9999271783600566], "split2_test_Accuracy": [0.9999351225389596], "split3_test_Accuracy": [0.999921882240788], "split4_test_Accuracy": [0.9999285023898739], "mean_test_Accuracy": [0.9999282375839105], "std_test_Accuracy": [4.22031259033629e-06], "rank_test_Accuracy": [1], "split0_test_F1-Score": [0.9999641220329253], "split1_test_F1-Score": [0.9999634575047323], "split2_test_F1-Score": [0.9999674437857163], "split3_test_F1-Score": [0.9999607983059553], "split4_test_F1-Score": [0.9999641178847095], "mean_test_F1-Score": [0.9999639879028077], "std_test_F1-Score": [2.118153113479755e-06], "rank_test_F1-Score": [1], "split0_test_Recall": [0.9999681083465772], "split1_test_Recall": [0.999953491833166], "split2_test_Recall": [0.9999667793952521], "split3_test_Recall": [0.999953489855473], "split4_test_Recall": [0.9999654468060224], "mean_test_Recall": [0.9999614632472982], "std_test_Recall": [6.5636260416108455e-06], "rank_test_Recall": [1], "split0_test_Precision": [0.9999601357510557], "split1_test_Precision": [0.999973423374939], "split2_test_Precision": [0.9999681081770634], "split3_test_Precision": [0.9999681068632701], "split4_test_Precision": [0.9999627889669287], "mean_test_Precision": [0.9999665126266514], "std_test_Precision": [4.634134169437471e-06], "rank_test_Precision": [1], "split0_test_MCC": [0.9900346076925475], "split1_test_MCC": [0.9898625221783145], "split2_test_MCC": [0.9909782842855083], "split3_test_MCC": [0.9892413645926635], "split4_test_MCC": [0.9903419431876515], "mean_test_MCC": [0.9900917443873369], "std_test_MCC": [0.0005705270631473707], "rank_test_MCC": [1], "split0_test_Kappa": [0.99003400070861], "split1_test_Kappa": [0.9898587361224134], "split2_test_Kappa": [0.990978267488889], "split3_test_Kappa": [0.9892393737857151], "split4_test_Kappa": [0.9903418798279865], "mean_test_Kappa": [0.9900904515867228], "std_test_Kappa": [0.0005714272338718079], "rank_test_Kappa": [1]}