{"mean_fit_time": [56.26516103744507], "std_fit_time": [2.763261054562814], "mean_score_time": [2.2439108371734617], "std_score_time": [0.05117788018239462], "params": [{}], "split0_test_Accuracy": [0.999921882240788], "split1_test_Accuracy": [0.9999232062706053], "split2_test_Accuracy": [0.9999324744793253], "split3_test_Accuracy": [0.9999179101513366], "split4_test_Accuracy": [0.9999285023898739], "mean_test_Accuracy": [0.9999247951063858], "std_test_Accuracy": [5.1211036068981545e-06], "rank_test_Accuracy": [1], "split0_test_F1-Score": [0.9999608001812493], "split1_test_F1-Score": [0.9999614642521142], "split2_test_F1-Score": [0.9999661151407517], "split3_test_F1-Score": [0.9999588051363351], "split4_test_F1-Score": [0.9999641177893368], "mean_test_F1-Score": [0.9999622604999574], "std_test_F1-Score": [2.5695859048384746e-06], "rank_test_F1-Score": [1], "split0_test_Recall": [0.9999694371654698], "split1_test_Recall": [0.9999508342236325], "split2_test_Recall": [0.9999707658678219], "split3_test_Recall": [0.9999548187167453], "split4_test_Recall": [0.999962788868024], "mean_test_Recall": [0.9999617289683387], "std_test_Recall": [7.856873193846889e-06], "rank_test_Recall": [1], "split0_test_Precision": [0.999952163346227], "split1_test_Precision": [0.9999720945066043], "split2_test_Precision": [0.9999614644569412], "split3_test_Precision": [0.9999627915877095], "split4_test_Precision": [0.9999654467141819], "mean_test_Precision": [0.9999627921223329], "std_test_Precision": [6.454684937369404e-06], "rank_test_Precision": [1], "split0_test_MCC": [0.9891000934505932], "split1_test_MCC": [0.9893118373721378], "split2_test_MCC": [0.9905971075137351], "split3_test_MCC": [0.9886825702926122], "split4_test_MCC": [0.9903487964487353], "mean_test_MCC": [0.9896080810155627], "std_test_MCC": [0.000738811820121584], "rank_test_MCC": [1], "split0_test_Kappa": [0.9890972393681777], "split1_test_Kappa": [0.9893075336530452], "split2_test_Kappa": [0.9905962823842108], "split3_test_Kappa": [0.9886819772481434], "split4_test_Kappa": [0.99034873317852], "mean_test_Kappa": [0.9896063531664193], "std_test_Kappa": [0.0007394658528999701], "rank_test_Kappa": [1]}