{"mean_fit_time": [5.495013666152954], "std_fit_time": [0.27606077233072207], "mean_score_time": [2.0352500438690186], "std_score_time": [0.05147429265997753], "params": [{}], "split0_test_Accuracy": [0.999711361499861], "split1_test_Accuracy": [0.9996875289631523], "split2_test_Accuracy": [0.9996967971718723], "split3_test_Accuracy": [0.9997047413507753], "split4_test_Accuracy": [0.9996623723966264], "mean_test_Accuracy": [0.9996925602764575], "std_test_Accuracy": [1.7067150072766146e-05], "rank_test_Accuracy": [1], "split0_test_F1-Score": [0.9998551585482367], "split1_test_F1-Score": [0.9998432024960037], "split2_test_F1-Score": [0.9998478519553018], "split3_test_F1-Score": [0.9998518360043825], "split4_test_F1-Score": [0.9998305615191256], "mean_test_F1-Score": [0.9998457221046101], "std_test_F1-Score": [8.569180619822044e-06], "rank_test_F1-Score": [1], "split0_test_Recall": [0.9998538299218123], "split1_test_Recall": [0.9998525026708975], "split2_test_Recall": [0.9998631311084387], "split3_test_Recall": [0.9998790736242299], "split4_test_Recall": [0.9998604582550903], "mean_test_Recall": [0.9998617991160937], "std_test_Recall": [9.506973166741678e-06], "rank_test_Recall": [1], "split0_test_Precision": [0.9998564871781924], "split1_test_Precision": [0.9998339024941202], "split2_test_Precision": [0.9998325732691266], "split3_test_Precision": [0.9998245998684498], "split4_test_Precision": [0.9998006665709867], "mean_test_Precision": [0.9998296458761752], "std_test_Precision": [1.7957762906198892e-05], "rank_test_Precision": [1], "split0_test_MCC": [0.9598258444003563], "split1_test_MCC": [0.9562557329483593], "split2_test_MCC": [0.9576600919633889], "split3_test_MCC": [0.9589692431204548], "split4_test_MCC": [0.9540727613279093], "mean_test_MCC": [0.9573567347520937], "std_test_MCC": [0.0020388917437372165], "rank_test_MCC": [1], "split0_test_Kappa": [0.959825779206843], "split1_test_Kappa": [0.9562525127466261], "split2_test_Kappa": [0.9576514294169184], "split3_test_Kappa": [0.9589419196324956], "split4_test_Kappa": [0.954041382463496], "mean_test_Kappa": [0.9573426046932758], "std_test_Kappa": [0.002044783866921731], "rank_test_Kappa": [1]}