{"mean_fit_time": [18.297235918045043], "std_fit_time": [1.3888363211957786], "mean_score_time": [1.9781148910522461], "std_score_time": [0.05281121768351341], "params": [{}], "split0_test_Accuracy": [0.9998768652270049], "split1_test_Accuracy": [0.9998980497040794], "split2_test_Accuracy": [0.9998742171673706], "split3_test_Accuracy": [0.999895401644445], "split4_test_Accuracy": [0.9998914295549935], "mean_test_Accuracy": [0.9998871926595786], "std_test_Accuracy": [9.779911985189855e-06], "rank_test_Accuracy": [1], "split0_test_F1-Score": [0.999938208730907], "split1_test_F1-Score": [0.9999488401667145], "split2_test_F1-Score": [0.9999368801380398], "split3_test_F1-Score": [0.9999475086195498], "split4_test_F1-Score": [0.999945511619315], "mean_test_F1-Score": [0.9999433898549052], "std_test_F1-Score": [4.906984099812397e-06], "rank_test_F1-Score": [1], "split0_test_Recall": [0.9999189420475505], "split1_test_Recall": [0.9999322309568989], "split2_test_Recall": [0.9999255858453647], "split3_test_Recall": [0.9999215971849403], "split4_test_Recall": [0.999933551550043], "mean_test_Recall": [0.9999263815169595], "std_test_Recall": [5.73574673895611e-06], "rank_test_Recall": [1], "split0_test_Precision": [0.9999574761567482], "split1_test_Precision": [0.9999654499283086], "split2_test_Precision": [0.9999481746858588], "split3_test_Precision": [0.9999734213971042], "split4_test_Precision": [0.9999574719746959], "mean_test_Precision": [0.999960398828543], "std_test_Precision": [8.504575815391293e-06], "rank_test_Precision": [1], "split0_test_MCC": [0.982959601529025], "split1_test_MCC": [0.9858386095855953], "split2_test_MCC": [0.9825646765344797], "split3_test_MCC": [0.9856890642440209], "split4_test_MCC": [0.9853909235069197], "mean_test_MCC": [0.9844885750800081], "std_test_MCC": [0.0014224729041940082], "rank_test_MCC": [1], "split0_test_Kappa": [0.9829457017931371], "split1_test_Kappa": [0.9858281737234668], "split2_test_Kappa": [0.982559891542613], "split3_test_Kappa": [0.9856643797979875], "split4_test_Kappa": [0.9853858530870636], "mean_test_Kappa": [0.9844767999888535], "std_test_Kappa": [0.0014199812664415499], "rank_test_Kappa": [1]}