{"mean_fit_time": [4.402443313598633], "std_fit_time": [0.17177383804955393], "mean_score_time": [1.922119140625], "std_score_time": [0.05597130705738984], "params": [{}], "split0_test_Accuracy": [0.9994849524011281], "split1_test_Accuracy": [0.9994319912084421], "split2_test_Accuracy": [0.9994876004607623], "split3_test_Accuracy": [0.9995034888185682], "split4_test_Accuracy": [0.9994505276258822], "mean_test_Accuracy": [0.9994717121029566], "std_test_Accuracy": [2.6321233232688253e-05], "rank_test_Accuracy": [1], "split0_test_F1-Score": [0.9997415074567457], "split1_test_F1-Score": [0.9997149261100439], "split2_test_F1-Score": [0.9997428402266992], "split3_test_F1-Score": [0.9997508022506212], "split4_test_F1-Score": [0.9997241936652269], "mean_test_F1-Score": [0.9997348539418673], "std_test_F1-Score": [1.32148290718883e-05], "rank_test_F1-Score": [1], "split0_test_Recall": [0.9995973678755375], "split1_test_Recall": [0.999556179207926], "split2_test_Recall": [0.9996172986333043], "split3_test_Recall": [0.999605328202157], "split4_test_Recall": [0.9995601112612846], "mean_test_Recall": [0.9995872570360419], "std_test_Recall": [2.4633384557185408e-05], "rank_test_Recall": [1], "split0_test_Precision": [0.9998856886131238], "split1_test_Precision": [0.999873723443708], "split2_test_Precision": [0.9998684133575063], "split3_test_Precision": [0.9998963186473572], "split4_test_Precision": [0.999888329947781], "mean_test_Precision": [0.9998824948018953], "std_test_Precision": [1.0105165625114464e-05], "rank_test_Precision": [1], "split0_test_MCC": [0.9317160425627573], "split1_test_MCC": [0.9248430563808306], "split2_test_MCC": [0.9316412992185961], "split3_test_MCC": [0.9347811857083891], "split4_test_MCC": [0.9297500938870601], "mean_test_MCC": [0.9305463355515267], "std_test_MCC": [0.003276049751225688], "rank_test_MCC": [1], "split0_test_Kappa": [0.9310261141082432], "split1_test_Kappa": [0.9240140057337293], "split2_test_Kappa": [0.9311139406186426], "split3_test_Kappa": [0.9340884139988642], "split4_test_Kappa": [0.9289176558932086], "mean_test_Kappa": [0.9298320260705376], "std_test_Kappa": [0.00334279591981154], "rank_test_Kappa": [1]}