{"mean_fit_time": [22.480945348739624], "std_fit_time": [1.9875672212127615], "mean_score_time": [2.1558669567108155], "std_score_time": [0.2562266836464035], "params": [{}], "split0_test_Accuracy": [0.9998927535848108], "split1_test_Accuracy": [0.999895401644445], "split2_test_Accuracy": [0.9998755411971878], "split3_test_Accuracy": [0.9998940776146279], "split4_test_Accuracy": [0.9999033458233479], "mean_test_Accuracy": [0.9998922239728838], "std_test_Accuracy": [9.119480640139834e-06], "rank_test_Accuracy": [1], "split0_test_F1-Score": [0.9999461819409184], "split1_test_F1-Score": [0.9999475112701276], "split2_test_F1-Score": [0.9999375442671617], "split3_test_F1-Score": [0.9999468442776536], "split4_test_F1-Score": [0.9999514921480406], "mean_test_F1-Score": [0.9999459147807803], "std_test_F1-Score": [4.575076851971544e-06], "rank_test_F1-Score": [1], "split0_test_Recall": [0.9999295725986914], "split1_test_Recall": [0.9999295733473655], "split2_test_Recall": [0.999921599372795], "split3_test_Recall": [0.9999229260462125], "split4_test_Recall": [0.9999415253640378], "mean_test_Recall": [0.9999290393458203], "std_test_Recall": [7.059685515866842e-06], "rank_test_Recall": [1], "split0_test_Precision": [0.999962791834934], "split1_test_Precision": [0.9999654498364847], "split2_test_Precision": [0.9999534896700557], "split3_test_Precision": [0.9999707636533739], "split4_test_Precision": [0.9999614591307306], "mean_test_Precision": [0.9999627908251159], "std_test_Precision": [5.63775182675196e-06], "rank_test_Precision": [1], "split0_test_MCC": [0.9851457993796614], "split1_test_MCC": [0.9854775451245462], "split2_test_MCC": [0.9827749738872055], "split3_test_MCC": [0.985496118003896], "split4_test_MCC": [0.9869864673698702], "mean_test_MCC": [0.9851761807530359], "std_test_MCC": [0.0013591935406226969], "rank_test_MCC": [1], "split0_test_Kappa": [0.9851354315610871], "split1_test_Kappa": [0.9854653860712196], "split2_test_Kappa": [0.9827654592462972], "split3_test_Kappa": [0.9854750665113277], "split4_test_Kappa": [0.9869829368000548], "mean_test_Kappa": [0.9851648560379973], "std_test_Kappa": [0.0013601424381187465], "rank_test_Kappa": [1]}