{"mean_fit_time": [42.83544993400574], "std_fit_time": [4.417901721409525], "mean_score_time": [2.062393045425415], "std_score_time": [0.10949735416363734], "params": [{}], "split0_test_Accuracy": [0.9999258543302395], "split1_test_Accuracy": [0.9999245303004224], "split2_test_Accuracy": [0.999921882240788], "split3_test_Accuracy": [0.9999258543302395], "split4_test_Accuracy": [0.9999258543302395], "mean_test_Accuracy": [0.9999247951063858], "std_test_Accuracy": [1.544070834233051e-06], "rank_test_Accuracy": [1], "split0_test_F1-Score": [0.99996279321933], "split1_test_F1-Score": [0.9999621288376942], "split2_test_F1-Score": [0.9999607997124426], "split3_test_F1-Score": [0.9999627917854892], "split4_test_F1-Score": [0.9999627888185716], "mean_test_F1-Score": [0.9999622604747055], "std_test_F1-Score": [7.741330526755952e-07], "rank_test_F1-Score": [1], "split0_test_Recall": [0.9999667795276846], "split1_test_Recall": [0.9999561494426993], "split2_test_Recall": [0.9999614640984924], "split3_test_Recall": [0.999960134161834], "split4_test_Recall": [0.999961459899025], "mean_test_Recall": [0.9999611974259469], "std_test_Recall": [3.4033081440177847e-06], "rank_test_Recall": [1], "split0_test_Precision": [0.9999588069427576], "split1_test_Precision": [0.9999681083041989], "split2_test_Precision": [0.9999601353272757], "split3_test_Precision": [0.9999654494232711], "split4_test_Precision": [0.9999641177416504], "mean_test_Precision": [0.9999633235478307], "std_test_Precision": [3.4236955299274957e-06], "rank_test_Precision": [1], "split0_test_MCC": [0.9896654963813813], "split1_test_MCC": [0.9894797717499989], "split2_test_MCC": [0.9891331416886613], "split3_test_MCC": [0.9897738273330036], "split4_test_MCC": [0.9899913420991773], "mean_test_MCC": [0.9896087158504445], "std_test_MCC": [0.00028971918851921616], "rank_test_MCC": [1], "split0_test_Kappa": [0.9896648896237437], "split1_test_Kappa": [0.9894784063006774], "split2_test_Kappa": [0.9891331249110515], "split3_test_Kappa": [0.9897735632754304], "split4_test_Kappa": [0.9899912788517985], "mean_test_Kappa": [0.9896082525925403], "std_test_Kappa": [0.00028977607343943433], "rank_test_Kappa": [1]}