{"mean_fit_time": [15.210740327835083], "std_fit_time": [0.06369474150999158], "mean_score_time": [0.7955142021179199], "std_score_time": [0.057936581451227834], "params": [{}], "split0_test_Accuracy": [0.9891856792892771], "split1_test_Accuracy": [0.9893480121602077], "split2_test_Accuracy": [0.9894749269502081], "split3_test_Accuracy": [0.989105988607184], "split4_test_Accuracy": [0.98941294530858], "mean_test_Accuracy": [0.9893055104630915], "std_test_Accuracy": [0.00013872207293169503], "rank_test_Accuracy": [1], "split0_test_F1-Score": [0.9915558525961605], "split1_test_F1-Score": [0.9916912429983354], "split2_test_F1-Score": [0.991766601864636], "split3_test_F1-Score": [0.9914934904805914], "split4_test_F1-Score": [0.9917172934692001], "mean_test_F1-Score": [0.9916448962817848], "std_test_F1-Score": [0.00010300884851545401], "rank_test_F1-Score": [1], "split0_test_Recall": [0.991135560500721], "split1_test_Recall": [0.9912644863168165], "split2_test_Recall": [0.9911029893586585], "split3_test_Recall": [0.9907240235814296], "split4_test_Recall": [0.9910605088633416], "mean_test_Recall": [0.9910575137241935], "std_test_Recall": [0.00018012308732231203], "rank_test_Recall": [1], "split0_test_Precision": [0.9919765012934433], "split1_test_Precision": [0.9921183672905333], "split2_test_Precision": [0.9924311036356579], "split3_test_Precision": [0.9922641535544762], "split4_test_Precision": [0.9923749491663277], "mean_test_Precision": [0.9922330149880876], "std_test_Precision": [0.0001669115955590004], "rank_test_Precision": [1], "split0_test_MCC": [0.9765222768368267], "split1_test_MCC": [0.9768559141555815], "split2_test_MCC": [0.9771837932182325], "split3_test_MCC": [0.976351177842405], "split4_test_MCC": [0.9770511415372227], "mean_test_MCC": [0.9767928607180536], "std_test_MCC": [0.0003136279122310032], "rank_test_MCC": [1], "split0_test_Kappa": [0.9765215980801851], "split1_test_Kappa": [0.9768552117037568], "split2_test_Kappa": [0.9771821108119353], "split3_test_Kappa": [0.976348901430162], "split4_test_Kappa": [0.977049494235213], "mean_test_Kappa": [0.9767914632522505], "std_test_Kappa": [0.00031366783277535774], "rank_test_Kappa": [1]}