{"mean_fit_time": [7.923456287384033], "std_fit_time": [0.10399802901563823], "mean_score_time": [0.8349240779876709], "std_score_time": [0.044555548733384805], "params": [{}], "split0_test_Accuracy": [0.9887990319057879], "split1_test_Accuracy": [0.9888875771081137], "split2_test_Accuracy": [0.9889790738171836], "split3_test_Accuracy": [0.9888580620406717], "split4_test_Accuracy": [0.9890292494318349], "mean_test_Accuracy": [0.9889105988607184], "std_test_Accuracy": [8.307115224344077e-05], "rank_test_Accuracy": [1], "split0_test_F1-Score": [0.9912533217786524], "split1_test_F1-Score": [0.9913298192042778], "split2_test_F1-Score": [0.9913777576628042], "split3_test_F1-Score": [0.9912988961699009], "split4_test_F1-Score": [0.9914164774997173], "mean_test_F1-Score": [0.9913352544630707], "std_test_F1-Score": [5.739013149668369e-05], "rank_test_F1-Score": [1], "split0_test_Recall": [0.9907623694407202], "split1_test_Recall": [0.9906431510443036], "split2_test_Recall": [0.9906046090945169], "split3_test_Recall": [0.990415438467207], "split4_test_Recall": [0.9906866839887576], "mean_test_Recall": [0.9906224504071011], "std_test_Recall": [0.00011602074043491835], "rank_test_Recall": [1], "split0_test_Precision": [0.9917447609208973], "split1_test_Precision": [0.9920174399579671], "split2_test_Precision": [0.9921521140300604], "split3_test_Precision": [0.992183931381008], "split4_test_Precision": [0.9921473470142356], "mean_test_Precision": [0.9920491186608336], "std_test_Precision": [0.00016252292090011602], "rank_test_Precision": [1], "split0_test_MCC": [0.9756844525891311], "split1_test_MCC": [0.975861576370956], "split2_test_MCC": [0.9761114545358194], "split3_test_MCC": [0.9758158308210536], "split4_test_MCC": [0.9762211142513046], "mean_test_MCC": [0.9759388857136528], "std_test_MCC": [0.00019763016053414378], "rank_test_MCC": [1], "split0_test_Kappa": [0.9756835267529933], "split1_test_Kappa": [0.9758597589946552], "split2_test_Kappa": [0.9761091720026476], "split3_test_Kappa": [0.9758128309911641], "split4_test_Kappa": [0.9762190810884755], "mean_test_Kappa": [0.9759368739659872], "std_test_Kappa": [0.00019740600910734762], "rank_test_Kappa": [1]}