{"mean_fit_time": [13.747027921676636], "std_fit_time": [0.7876057464190864], "mean_score_time": [0.7946021080017089], "std_score_time": [0.060498022584839564], "params": [{}], "split0_test_Accuracy": [0.9890646675127652], "split1_test_Accuracy": [0.9891886307960214], "split2_test_Accuracy": [0.9892004368229982], "split3_test_Accuracy": [0.9889584132699744], "split4_test_Accuracy": [0.9892830790118355], "mean_test_Accuracy": [0.9891390454827189], "std_test_Accuracy": [0.00011413442614899801], "rank_test_Accuracy": [1], "split0_test_F1-Score": [0.991462012291937], "split1_test_F1-Score": [0.9915674272020111], "split2_test_F1-Score": [0.9915530284666865], "split3_test_F1-Score": [0.991378654738283], "split4_test_F1-Score": [0.9916164678338809], "mean_test_F1-Score": [0.9915155181065597], "std_test_F1-Score": [8.471939863824223e-05], "rank_test_F1-Score": [1], "split0_test_Recall": [0.9911171313125728], "split1_test_Recall": [0.9912000515478152], "split2_test_Recall": [0.9910245406133769], "split3_test_Recall": [0.9906549373618275], "split4_test_Recall": [0.9910512786195247], "mean_test_Recall": [0.9910095878910233], "std_test_Recall": [0.00018739300450375953], "rank_test_Recall": [1], "split0_test_Precision": [0.9918071333726763], "split1_test_Precision": [0.9919350752833778], "split2_test_Precision": [0.9920820802786516], "split3_test_Precision": [0.9921034303030862], "split4_test_Precision": [0.9921823020625415], "mean_test_Precision": [0.9920220042600667], "std_test_Precision": [0.00013391105944260564], "rank_test_Precision": [1], "split0_test_MCC": [0.976257920895435], "split1_test_MCC": [0.9765083193481826], "split2_test_MCC": [0.9765856274406028], "split3_test_MCC": [0.9760296610607059], "split4_test_MCC": [0.9767675320464907], "mean_test_MCC": [0.9764298121582833], "std_test_MCC": [0.000258520409676697], "rank_test_MCC": [1], "split0_test_Kappa": [0.9762574638426467], "split1_test_Kappa": [0.9765077987874483], "split2_test_Kappa": [0.9765845603916539], "split3_test_Kappa": [0.9760276473462299], "split4_test_Kappa": [0.9767663121044399], "mean_test_Kappa": [0.9764287564944837], "std_test_Kappa": [0.0002587261291982796], "rank_test_Kappa": [1]}