{"mean_fit_time": [7.672329378128052], "std_fit_time": [0.43675107305173844], "mean_score_time": [0.7877924919128418], "std_score_time": [0.041473965900465905], "params": [{}], "split0_test_Accuracy": [0.988861013547416], "split1_test_Accuracy": [0.988922995189044], "split2_test_Accuracy": [0.9889584132699744], "split3_test_Accuracy": [0.988846256013695], "split4_test_Accuracy": [0.9890587644992769], "mean_test_Accuracy": [0.9889294885038813], "std_test_Accuracy": [7.642977862347935e-05], "rank_test_Accuracy": [1], "split0_test_F1-Score": [0.9913019829819402], "split1_test_F1-Score": [0.9913580502766668], "split2_test_F1-Score": [0.9913612148334938], "split3_test_F1-Score": [0.9912895158409109], "split4_test_F1-Score": [0.991439846854773], "mean_test_F1-Score": [0.991350122157557], "std_test_F1-Score": [5.3342159065884655e-05], "rank_test_F1-Score": [1], "split0_test_Recall": [0.99084069349035], "split1_test_Recall": [0.9907398031978055], "split2_test_Recall": [0.9905446188775369], "split3_test_Recall": [0.9903878039793662], "split4_test_Recall": [0.9907420654516589], "mean_test_Recall": [0.9906509969993434], "std_test_Recall": [0.00016294270965983072], "rank_test_Recall": [1], "split0_test_Precision": [0.9917637021835873], "split1_test_Precision": [0.9919770694414363], "split2_test_Precision": [0.9921791582888442], "split3_test_Precision": [0.9921928711500749], "split4_test_Precision": [0.9921386118480039], "mean_test_Precision": [0.9920502825823894], "std_test_Precision": [0.00016262287385149547], "rank_test_Precision": [1], "split0_test_MCC": [0.9758183352263686], "split1_test_MCC": [0.9759368654460887], "split2_test_MCC": [0.9760677431317537], "split3_test_MCC": [0.9757906767310028], "split4_test_MCC": [0.976284325888777], "mean_test_MCC": [0.9759795892847981], "std_test_MCC": [0.00018119141771792525], "rank_test_MCC": [1], "split0_test_Kappa": [0.9758175178165305], "split1_test_Kappa": [0.9759353920107168], "split2_test_Kappa": [0.9760651970563603], "split3_test_Kappa": [0.9757875517658277], "split4_test_Kappa": [0.9762824670562381], "mean_test_Kappa": [0.9759776251411347], "std_test_Kappa": [0.00018118681753241786], "rank_test_Kappa": [1]}