{"mean_fit_time": [3.281485939025879], "std_fit_time": [0.2664639166964203], "mean_score_time": [0.7915619850158692], "std_score_time": [0.04660126507241012], "params": [{}], "split0_test_Accuracy": [0.9757799356571529], "split1_test_Accuracy": [0.976072134824828], "split2_test_Accuracy": [0.9755083970366872], "split3_test_Accuracy": [0.9752929370443612], "split4_test_Accuracy": [0.9763407219385496], "mean_test_Accuracy": [0.9757988253003157], "std_test_Accuracy": [0.0003765576676059435], "rank_test_Accuracy": [1], "split0_test_F1-Score": [0.9809775931532317], "split1_test_F1-Score": [0.9812262781160048], "split2_test_F1-Score": [0.9807348523191077], "split3_test_F1-Score": [0.9805924507392303], "split4_test_F1-Score": [0.9813912890060961], "mean_test_F1-Score": [0.980984492666734], "std_test_F1-Score": [0.00029665071871405537], "rank_test_F1-Score": [1], "split0_test_Recall": [0.9748579800688331], "split1_test_Recall": [0.9750821543304767], "split2_test_Recall": [0.9746748991702892], "split3_test_Recall": [0.9740143699336772], "split4_test_Recall": [0.9755213933976066], "mean_test_Recall": [0.9748301593801765], "std_test_Recall": [0.000496326115843321], "rank_test_Recall": [1], "split0_test_Precision": [0.9871745226020463], "split1_test_Precision": [0.9874483227920374], "split2_test_Precision": [0.9868706313310657], "split3_test_Precision": [0.9872599868351641], "split4_test_Precision": [0.9873322527757407], "mean_test_Precision": [0.9872171432672108], "std_test_Precision": [0.00019514957645771678], "rank_test_Precision": [1], "split0_test_MCC": [0.9477965998939457], "split1_test_MCC": [0.9483899365539321], "split2_test_MCC": [0.947266759441509], "split3_test_MCC": [0.946772167207988], "split4_test_MCC": [0.9490513340126762], "mean_test_MCC": [0.9478553594220103], "std_test_MCC": [0.0008049019720680658], "rank_test_MCC": [1], "split0_test_Kappa": [0.9476551836797951], "split1_test_Kappa": [0.9482468496041602], "split2_test_Kappa": [0.9471288526447521], "split3_test_Kappa": [0.9466087418041405], "split4_test_Kappa": [0.9489218805399924], "mean_test_Kappa": [0.9477123016545679], "std_test_Kappa": [0.0008136758745410431], "rank_test_Kappa": [1]}