{"mean_fit_time": [2.78464035987854], "std_fit_time": [0.0932711486005626], "mean_score_time": [0.7163264274597168], "std_score_time": [0.04659407130240137], "params": [{}], "split0_test_Accuracy": [0.9517369617189575], "split1_test_Accuracy": [0.9523390690947728], "split2_test_Accuracy": [0.9521767362238422], "split3_test_Accuracy": [0.9517959918538413], "split4_test_Accuracy": [0.9522593784126797], "mean_test_Accuracy": [0.9520616274608187], "std_test_Accuracy": [0.00024710299317102835], "rank_test_Accuracy": [1], "split0_test_F1-Score": [0.9627693484635982], "split1_test_F1-Score": [0.9632749602001366], "split2_test_F1-Score": [0.9630519798875802], "split3_test_F1-Score": [0.9628159009152589], "split4_test_F1-Score": [0.9631106134243158], "mean_test_F1-Score": [0.963004560578178], "std_test_F1-Score": [0.00018842980650168005], "rank_test_F1-Score": [1], "split0_test_Recall": [0.9741115979488314], "split1_test_Recall": [0.9746955457164687], "split2_test_Recall": [0.9744533968306707], "split3_test_Recall": [0.9738577745025793], "split4_test_Recall": [0.9744783758462979], "mean_test_Recall": [0.9743193381689694], "std_test_Recall": [0.0002969827751156908], "rank_test_Recall": [1], "split0_test_Precision": [0.9516881900963715], "split1_test_Precision": [0.9521189069623156], "split2_test_Precision": [0.9519142778576677], "split3_test_Precision": [0.9520216118865376], "split4_test_Precision": [0.9520050136613254], "mean_test_Precision": [0.9519496000928436], "std_test_Precision": [0.00014594795278226888], "rank_test_Precision": [1], "split0_test_MCC": [0.8946984498085288], "split1_test_MCC": [0.8959287007805025], "split2_test_MCC": [0.8957998229836164], "split3_test_MCC": [0.8947987923559086], "split4_test_MCC": [0.8959898170654195], "mean_test_MCC": [0.8954431165987952], "std_test_MCC": [0.0005712434159271804], "rank_test_MCC": [1], "split0_test_Kappa": [0.8942086192781022], "split1_test_Kappa": [0.8954299388385252], "split2_test_Kappa": [0.8953073917789377], "split3_test_Kappa": [0.8943342162702743], "split4_test_Kappa": [0.8955004630899909], "mean_test_Kappa": [0.8949561258511661], "std_test_Kappa": [0.0005638664969925789], "rank_test_Kappa": [1]}