{"mean_fit_time": [26.329127073287964], "std_fit_time": [0.762378493096447], "mean_score_time": [0.8262910842895508], "std_score_time": [0.07164477563737397], "params": [{}], "split0_test_Accuracy": [0.9892358549039284], "split1_test_Accuracy": [0.9893273516129985], "split2_test_Accuracy": [0.9895605206457897], "split3_test_Accuracy": [0.9890587644992769], "split4_test_Accuracy": [0.9894395088692778], "mean_test_Accuracy": [0.9893244001062541], "std_test_Accuracy": [0.00017170566470361035], "rank_test_Accuracy": [1], "split0_test_F1-Score": [0.9915948956333558], "split1_test_F1-Score": [0.9916843741663678], "split2_test_F1-Score": [0.9918352365980846], "split3_test_F1-Score": [0.9914661350362696], "split4_test_F1-Score": [0.9917473556017881], "mean_test_F1-Score": [0.9916655994071732], "std_test_F1-Score": [0.00012696330365348122], "rank_test_F1-Score": [1], "split0_test_Recall": [0.9911585969859062], "split1_test_Recall": [0.9923598773898396], "split2_test_Recall": [0.9913752526511062], "split3_test_Recall": [0.9918017686072218], "split4_test_Recall": [0.992205059096636], "mean_test_Recall": [0.991780110946142], "std_test_Recall": [0.0004620322404241315], "rank_test_Recall": [1], "split0_test_Precision": [0.9920315785590438], "split1_test_Precision": [0.9910097899526589], "split2_test_Precision": [0.9922956475951612], "split3_test_Precision": [0.9911307285505853], "split4_test_Precision": [0.9912900741888334], "mean_test_Precision": [0.9915515637692565], "std_test_Precision": [0.0005144070156368744], "rank_test_Precision": [1], "split0_test_MCC": [0.9766315579542133], "split1_test_MCC": [0.9767917681732671], "split2_test_MCC": [0.977364883684604], "split3_test_MCC": [0.9762260430532242], "split4_test_MCC": [0.9770879563571543], "mean_test_MCC": [0.9768204418444926], "std_test_MCC": [0.000389304548711756], "rank_test_MCC": [1], "split0_test_Kappa": [0.9766308265072623], "split1_test_Kappa": [0.9767900051864996], "split2_test_Kappa": [0.977364075062888], "split3_test_Kappa": [0.9762256092140331], "split4_test_Kappa": [0.9770871549721769], "mean_test_Kappa": [0.9768195341885718], "std_test_Kappa": [0.0003891979121084426], "rank_test_Kappa": [1]}