{"mean_fit_time": [30.06840467453003], "std_fit_time": [1.6279372556132123], "mean_score_time": [0.9719483375549316], "std_score_time": [0.09462859509896533], "params": [{}], "split0_test_Accuracy": [0.9479354210324371], "split1_test_Accuracy": [0.9484784982733686], "split2_test_Accuracy": [0.948118414450577], "split3_test_Accuracy": [0.9484991588205779], "split4_test_Accuracy": [0.9480593843156931], "mean_test_Accuracy": [0.9482181753785307], "std_test_Accuracy": [0.00022883905650022168], "rank_test_Accuracy": [1], "split0_test_F1-Score": [0.9608431595397073], "split1_test_F1-Score": [0.9612785874315122], "split2_test_F1-Score": [0.9609212778728796], "split3_test_F1-Score": [0.9612687701852325], "split4_test_F1-Score": [0.9608731612742569], "mean_test_F1-Score": [0.9610369912607176], "std_test_F1-Score": [0.00019487984413495908], "rank_test_F1-Score": [1], "split0_test_Recall": [0.9971480831340678], "split1_test_Recall": [0.9972523173504423], "split2_test_Recall": [0.9972958256038246], "split3_test_Recall": [0.9972964259395726], "split4_test_Recall": [0.9972586175863836], "mean_test_Recall": [0.9972502539228583], "std_test_Recall": [5.426179487741052e-05], "rank_test_Recall": [1], "split0_test_Precision": [0.9270890001670601], "split1_test_Precision": [0.9278098451630584], "split2_test_Precision": [0.9271067488031299], "split3_test_Precision": [0.9277533794639988], "split4_test_Precision": [0.927049324506948], "mean_test_Precision": [0.9273616596208389], "std_test_Precision": [0.00034385771530361494], "rank_test_Precision": [1], "split0_test_MCC": [0.8887137477504786], "split1_test_MCC": [0.8897694463571256], "split2_test_MCC": [0.8892863724808466], "split3_test_MCC": [0.8898926754686128], "split4_test_MCC": [0.8891660250591097], "mean_test_MCC": [0.8893656534232346], "std_test_MCC": [0.00042706414682937744], "rank_test_MCC": [1], "split0_test_Kappa": [0.8834826929764389], "split1_test_Kappa": [0.8846139226992633], "split2_test_Kappa": [0.8840650075562813], "split3_test_Kappa": [0.8847348714937403], "split4_test_Kappa": [0.8839437770979828], "mean_test_Kappa": [0.8841680543647413], "std_test_Kappa": [0.00045841452838024036], "rank_test_Kappa": [1]}