{"mean_fit_time": [8.358112049102782], "std_fit_time": [0.38976581706806024], "mean_score_time": [0.8254842758178711], "std_score_time": [0.06825649052197863], "params": [{}], "split0_test_Accuracy": [0.9573625335733892], "split1_test_Accuracy": [0.957619314660134], "split2_test_Accuracy": [0.9574983028836221], "split3_test_Accuracy": [0.9572179097429238], "split4_test_Accuracy": [0.9574038546678079], "mean_test_Accuracy": [0.9574203831055753], "std_test_Accuracy": [0.00013435808529641766], "rank_test_Accuracy": [1], "split0_test_F1-Score": [0.9675570547572956], "split1_test_F1-Score": [0.9677779847271373], "split2_test_F1-Score": [0.9676039037296007], "split3_test_F1-Score": [0.967451322942607], "split4_test_F1-Score": [0.9675335193017187], "mean_test_F1-Score": [0.9675847570916719], "std_test_F1-Score": [0.00010853655184992816], "rank_test_F1-Score": [1], "split0_test_Recall": [0.9924762839385018], "split1_test_Recall": [0.9924519270598415], "split2_test_Recall": [0.9923720131793892], "split3_test_Recall": [0.992165622697126], "split4_test_Recall": [0.9924542756796921], "mean_test_Recall": [0.9923840245109101], "std_test_Recall": [0.0001148054085792592], "rank_test_Recall": [1], "split0_test_Precision": [0.9438585268175983], "split1_test_Precision": [0.9443011477843514], "split2_test_Precision": [0.9440420376126007], "split3_test_Precision": [0.9439383383067573], "split4_test_Precision": [0.9438336383706181], "mean_test_Precision": [0.9439947377783853], "std_test_Precision": [0.00016959464112661178], "rank_test_Precision": [1], "split0_test_MCC": [0.907928277336362], "split1_test_MCC": [0.9083880516890404], "split2_test_MCC": [0.9083331847682993], "split3_test_MCC": [0.9075563926114966], "split4_test_MCC": [0.9081503843561151], "mean_test_MCC": [0.9080712581522628], "std_test_MCC": [0.0003035637303936586], "rank_test_MCC": [1], "split0_test_Kappa": [0.9054967133655734], "split1_test_Kappa": [0.9059954859426026], "split2_test_Kappa": [0.905945384743312], "split3_test_Kappa": [0.9051628842514596], "split4_test_Kappa": [0.90573352378814], "mean_test_Kappa": [0.9056667984182175], "std_test_Kappa": [0.0003075569920517445], "rank_test_Kappa": [1]}