{"mean_fit_time": [16.77465953826904], "std_fit_time": [0.6370521185388626], "mean_score_time": [0.9183557510375977], "std_score_time": [0.06044868045782463], "params": [{}], "split0_test_Accuracy": [0.9580089135503674], "split1_test_Accuracy": [0.9582715976506007], "split2_test_Accuracy": [0.9582125675157168], "split3_test_Accuracy": [0.9579971075233907], "split4_test_Accuracy": [0.9580561376582746], "mean_test_Accuracy": [0.9581092647796702], "std_test_Accuracy": [0.00011179939771370999], "rank_test_Accuracy": [1], "split0_test_F1-Score": [0.9680549848549148], "split1_test_F1-Score": [0.9682793961911943], "split2_test_F1-Score": [0.9681556455240664], "split3_test_F1-Score": [0.9680530331771642], "split4_test_F1-Score": [0.9680383782361396], "mean_test_F1-Score": [0.9681162875966958], "std_test_F1-Score": [9.163239192404872e-05], "rank_test_F1-Score": [1], "split0_test_Recall": [0.993176593088133], "split1_test_Recall": [0.9931376971013559], "split2_test_Recall": [0.9931657298963553], "split3_test_Recall": [0.9930591378039794], "split4_test_Recall": [0.9932111556726771], "mean_test_Recall": [0.9931500627125003], "std_test_Recall": [5.118968371233391e-05], "rank_test_Recall": [1], "split0_test_Precision": [0.9441728862258664], "split1_test_Precision": [0.9446351179792497], "split2_test_Precision": [0.9443742375975217], "split3_test_Precision": [0.9442753474031804], "split4_test_Precision": [0.944110060189166], "mean_test_Precision": [0.9443135298789969], "std_test_Precision": [0.00018425134279996937], "rank_test_Precision": [1], "split0_test_MCC": [0.9093882909088737], "split1_test_MCC": [0.9098597341505636], "split2_test_MCC": [0.9099460156497695], "split3_test_MCC": [0.9093221625998986], "split4_test_MCC": [0.9096273905007015], "mean_test_MCC": [0.9096287187619614], "std_test_MCC": [0.0002473173758961299], "rank_test_MCC": [1], "split0_test_Kappa": [0.9069148176071143], "split1_test_Kappa": [0.9074291274081092], "split2_test_Kappa": [0.9075088209620139], "split3_test_Kappa": [0.9068688877727439], "split4_test_Kappa": [0.9071589373452836], "mean_test_Kappa": [0.907176118219053], "std_test_Kappa": [0.000259872470370715], "rank_test_Kappa": [1]}