{"mean_fit_time": [9.186332035064698], "std_fit_time": [0.3428992288384897], "mean_score_time": [0.9324869632720947], "std_score_time": [0.06691731128131673], "params": [{}], "split0_test_Accuracy": [0.9509695699654673], "split1_test_Accuracy": [0.9512056905050028], "split2_test_Accuracy": [0.9510905817419792], "split3_test_Accuracy": [0.9506360497033736], "split4_test_Accuracy": [0.9510315516070954], "mean_test_Accuracy": [0.9509866887045837], "std_test_Accuracy": [0.00019183794839730452], "rank_test_Accuracy": [1], "split0_test_F1-Score": [0.9628732344001432], "split1_test_F1-Score": [0.9630817329164806], "split2_test_F1-Score": [0.9629009400697159], "split3_test_F1-Score": [0.9626309592169148], "split4_test_F1-Score": [0.9628569957396699], "mean_test_F1-Score": [0.9628687724685848], "std_test_F1-Score": [0.00014359710984385664], "rank_test_F1-Score": [1], "split0_test_Recall": [0.9924762839385018], "split1_test_Recall": [0.9924519270598415], "split2_test_Recall": [0.9923720131793892], "split3_test_Recall": [0.992165622697126], "split4_test_Recall": [0.9924542756796921], "mean_test_Recall": [0.9923840245109101], "std_test_Recall": [0.0001148054085792592], "rank_test_Recall": [1], "split0_test_Precision": [0.9349850038846667], "split1_test_Precision": [0.9353999115067281], "split2_test_Precision": [0.9351298229746007], "split3_test_Precision": [0.9348038343538315], "split4_test_Precision": [0.9349739130434782], "mean_test_Precision": [0.935058497152661], "std_test_Precision": [0.00019952945001317914], "rank_test_Precision": [1], "split0_test_MCC": [0.8943348357514141], "split1_test_MCC": [0.8947335613460932], "split2_test_MCC": [0.8947265454738528], "split3_test_MCC": [0.8935504559281856], "split4_test_MCC": [0.8946230899450714], "mean_test_MCC": [0.8943936976889233], "std_test_MCC": [0.0004457436831447889], "rank_test_MCC": [1], "split0_test_Kappa": [0.8908923207349178], "split1_test_Kappa": [0.8913326097848427], "split2_test_Kappa": [0.8913351416875421], "split3_test_Kappa": [0.8901210061399147], "split4_test_Kappa": [0.8912032872549999], "mean_test_Kappa": [0.8909768731204435], "std_test_Kappa": [0.00045734575435948423], "rank_test_Kappa": [1]}