{"mean_fit_time": [15.483068370819092], "std_fit_time": [1.0893357750255785], "mean_score_time": [0.9052099704742431], "std_score_time": [0.0830019293502483], "params": [{}], "split0_test_Accuracy": [0.9517044951447714], "split1_test_Accuracy": [0.9519494702045395], "split2_test_Accuracy": [0.9530503822201234], "split3_test_Accuracy": [0.951530356246864], "split4_test_Accuracy": [0.9517723797998878], "mean_test_Accuracy": [0.9520014167232371], "std_test_Accuracy": [0.0005413954862906474], "rank_test_Accuracy": [1], "split0_test_F1-Score": [0.9634342283154002], "split1_test_F1-Score": [0.9636482183607759], "split2_test_F1-Score": [0.9642191165786034], "split3_test_F1-Score": [0.9633149260132963], "split4_test_F1-Score": [0.9634252254026807], "mean_test_F1-Score": [0.9636083429341513], "std_test_F1-Score": [0.0003239061328979566], "rank_test_F1-Score": [1], "split0_test_Recall": [0.993176593088133], "split1_test_Recall": [0.9931376971013559], "split2_test_Recall": [0.9890540927171877], "split3_test_Recall": [0.9930591378039794], "split4_test_Recall": [0.9932111556726771], "mean_test_Recall": [0.9923277352766666], "std_test_Recall": [0.0016376027968845249], "rank_test_Recall": [1], "split0_test_Precision": [0.9354214399777824], "split1_test_Precision": [0.9358595145984768], "split2_test_Precision": [0.9406007943299761], "split3_test_Precision": [0.9353007009994447], "split4_test_Precision": [0.935373809637643], "mean_test_Precision": [0.9365112519086647], "std_test_Precision": [0.0020540699698700735], "rank_test_Precision": [1], "split0_test_MCC": [0.8959949881725965], "split1_test_MCC": [0.8964115596639358], "split2_test_MCC": [0.8984812482244164], "split3_test_MCC": [0.8955770767000271], "split4_test_MCC": [0.8963011351496714], "mean_test_MCC": [0.8965532015821294], "std_test_MCC": [0.0010065173391688464], "rank_test_MCC": [1], "split0_test_Kappa": [0.8925168342449951], "split1_test_Kappa": [0.8929799009521568], "split2_test_Kappa": [0.8960892332066596], "split3_test_Kappa": [0.8920946667961814], "split4_test_Kappa": [0.8928341380340369], "mean_test_Kappa": [0.893302954646806], "std_test_Kappa": [0.0014258643508584363], "rank_test_Kappa": [1]}