{"mean_fit_time": [3.0904587745666503], "std_fit_time": [0.17916740376174028], "mean_score_time": [0.7931057453155518], "std_score_time": [0.05960277170053454], "params": [{}], "split0_test_Accuracy": [0.9224344027626104], "split1_test_Accuracy": [0.9226173961807502], "split2_test_Accuracy": [0.9223665181074939], "split3_test_Accuracy": [0.9214692600572593], "split4_test_Accuracy": [0.922413742215401], "mean_test_Accuracy": [0.9222602638647031], "std_test_Accuracy": [0.0004045739582731854], "rank_test_Accuracy": [1], "split0_test_F1-Score": [0.9386090320410394], "split1_test_F1-Score": [0.9387956149852463], "split2_test_F1-Score": [0.9384320453912396], "split3_test_F1-Score": [0.9378551658900606], "split4_test_F1-Score": [0.9384885024254067], "mean_test_F1-Score": [0.9384360721465985], "std_test_F1-Score": [0.0003160390500199255], "rank_test_F1-Score": [1], "split0_test_Recall": [0.9255967601487235], "split1_test_Recall": [0.9254443697819343], "split2_test_Recall": [0.9250399165674521], "split3_test_Recall": [0.9246914148857774], "split4_test_Recall": [0.9254796265443351], "mean_test_Recall": [0.9252504175856444], "std_test_Recall": [0.0003367200823558115], "rank_test_Recall": [1], "split0_test_Precision": [0.9519923801941913], "split1_test_Precision": [0.9525377320056467], "split2_test_Precision": [0.9522176356303766], "split3_test_Precision": [0.95139912332662], "split4_test_Precision": [0.951868307131465], "mean_test_Precision": [0.95200303565766], "std_test_Precision": [0.00037813456628425004], "rank_test_Precision": [1], "split0_test_MCC": [0.8339609043205297], "split1_test_MCC": [0.8343098862571507], "split2_test_MCC": [0.834088000049661], "split3_test_MCC": [0.831883578126427], "split4_test_MCC": [0.8341135890815453], "mean_test_MCC": [0.8336711915670628], "std_test_MCC": [0.0009007631288852608], "rank_test_MCC": [1], "split0_test_Kappa": [0.833353440742328], "split1_test_Kappa": [0.8336683934589122], "split2_test_Kappa": [0.8334480934960515], "split3_test_Kappa": [0.8312618838628008], "split4_test_Kappa": [0.8335096911032247], "mean_test_Kappa": [0.8330483005326634], "std_test_Kappa": [0.0008990690713486511], "rank_test_Kappa": [1]}