{"mean_fit_time": [3.998067760467529], "std_fit_time": [0.31958952135536134], "mean_score_time": [0.860256576538086], "std_score_time": [0.06852666188623166], "params": [{}], "split0_test_Accuracy": [0.9445943153980106], "split1_test_Accuracy": [0.9413712700333521], "split2_test_Accuracy": [0.9443729523921962], "split3_test_Accuracy": [0.9442814556831263], "split4_test_Accuracy": [0.9449248841533603], "mean_test_Accuracy": [0.9439089755320091], "std_test_Accuracy": [0.0012880781223626237], "rank_test_Accuracy": [1], "split0_test_F1-Score": [0.9570415121973546], "split1_test_F1-Score": [0.9546777888309863], "split2_test_F1-Score": [0.9568168122756007], "split3_test_F1-Score": [0.9567969608202124], "split4_test_F1-Score": [0.9572275375806282], "mean_test_F1-Score": [0.9565121223409564], "std_test_F1-Score": [0.0009306794213422226], "rank_test_F1-Score": [1], "split0_test_Recall": [0.9634042396347335], "split1_test_Recall": [0.9628855730552206], "split2_test_Recall": [0.9635259480761599], "split3_test_Recall": [0.9627901621223287], "split4_test_Recall": [0.9636420696052687], "mean_test_Recall": [0.9632495984987421], "std_test_Recall": [0.00034580712741086783], "rank_test_Recall": [1], "split0_test_Precision": [0.9507622776027245], "split1_test_Precision": [0.9466087507352609], "split2_test_Precision": [0.950200463272671], "split3_test_Precision": [0.9508779112081513], "split4_test_Precision": [0.9508978381750864], "mean_test_Precision": [0.9498694481987788], "std_test_Precision": [0.0016500573842705608], "rank_test_Precision": [1], "split0_test_MCC": [0.879194479518738], "split1_test_MCC": [0.8719524748806519], "split2_test_MCC": [0.8788497040091946], "split3_test_MCC": [0.8784978303769007], "split4_test_MCC": [0.8800782910609827], "mean_test_MCC": [0.8777145559692935], "std_test_MCC": [0.0029285175648463644], "rank_test_MCC": [1], "split0_test_Kappa": [0.879042449258652], "split1_test_Kappa": [0.8716985709852616], "split2_test_Kappa": [0.8786815307455109], "split3_test_Kappa": [0.8783629024049858], "split4_test_Kappa": [0.8799246146691699], "mean_test_Kappa": [0.8775420136127161], "std_test_Kappa": [0.002968038893524459], "rank_test_Kappa": [1]}